headline,platform,region,engagement_score,sentiment
AI breakthroughs in quantum computing,X,Global,87,Positive
Climate crisis worsens in 2026,News,Global,76,Negative
New renewable energy technology unveiled,Google,Global,82,Positive
Global economic uncertainty rises,News,Global,64,Negative
Tesla announces revolutionary battery,X,Global,91,Positive
COVID-19 variant emerges,News,Global,79,Negative
Elon Musk launches Mars mission,X,Global,89,Positive
Water scarcity crisis intensifies,News,Global,58,Negative
Apple releases AI phone,X,Global,85,Positive
Inflation continues to soar,News,Global,72,Negative
Biotech breakthrough in cancer treatment,Google,Global,88,Positive
Political tensions escalate worldwide,News,Global,61,Negative
Google AI surpasses human intelligence,X,Global,93,Positive
Unemployment rises unexpectedly,News,Global,68,Negative
Virtual reality becomes mainstream,Google,Global,84,Positive
Cybersecurity breaches increase,News,Global,65,Negative
Netflix announces new feature,X,India,78,Positive
IT industry layoffs continue,News,India,71,Negative
India becomes space superpower,Google,India,89,Positive
RBI increases interest rates,News,India,62,Negative
Bollywood's biggest release of 2026,X,India,81,Positive
Healthcare reforms announced,News,India,66,Neutral
Tech startups attract investment,Google,India,79,Positive
Agriculture sector faces challenges,News,India,55,Negative
Indian AI company wins award,X,India,83,Positive
Education technology innovation,Google,India,75,Positive
Stock market rally in USA,X,USA,86,Positive
US unemployment rate drops,News,USA,77,Positive
Cryptocurrency gains momentum,Google,USA,80,Positive
Interest rates hit 8-year high,News,USA,59,Negative
Tech companies expand in USA,X,USA,84,Positive
Trade war concerns emerge,News,USA,63,Negative
Major infrastructure project approved,Google,USA,76,Positive
Healthcare costs remain high,News,USA,58,Negative
Space exploration advances,X,USA,88,Positive
Election year excitement builds,News,USA,67,Neutral
Machine learning revolution begins,X,Global,90,Positive
Startup ecosystem thrives,Google,Global,77,Positive
Remote work becomes standard,News,Global,73,Neutral
Digital transformation accelerates,X,Global,85,Positive
Cloud computing adoption soars,Google,Global,81,Positive
Cybersecurity threats multiply,News,Global,69,Negative
E-commerce sales record high,X,Global,86,Positive
Sustainable fashion gains traction,News,Global,72,Positive
Social media trends evolve,Google,Global,74,Neutral
Artificial intelligence ethics debated,X,Global,70,Neutral
Blockchain innovation continues,Google,Global,75,Positive
Privacy concerns grow,News,Global,66,Negative
Gaming industry booms,X,Global,82,Positive
Supply chain disruptions,News,Global,60,Negative
Tech layoffs reshape industry,X,Global,71,Negative
5G infrastructure expands,Google,Global,78,Positive
Energy crisis looms,News,Global,64,Negative
Renewable energy investment rises,X,Global,83,Positive
Electric vehicles dominate,Google,Global,85,Positive
Ocean conservation efforts,News,Global,67,Positive
AI in healthcare revolutionary,X,Global,89,Positive
Mental health awareness grows,News,Global,70,Positive
Virtual metaverse expands,Google,Global,76,Positive
Biodiversity loss accelerates,News,Global,62,Negative
Tech worker shortages persist,X,Global,68,Negative
Quantum computing breakthrough,Google,Global,88,Positive
Robot automation advances,X,Global,79,Positive
Data privacy regulations tighten,News,Global,65,Neutral
Startup funding surge,Google,Global,77,Positive
Pandemic aftermath still evident,News,Global,61,Neutral
Deepfake technology concerns,X,Global,69,Negative
Education technology thrives,Google,Global,80,Positive
Mental wellness apps popular,X,Global,75,Positive
Climate tech investments soar,News,Global,74,Positive
Cyber attacks increase,X,Global,67,Negative
Gene editing breakthroughs,Google,Global,86,Positive
Environmental policy changes,News,Global,63,Positive
Smart cities development,X,Global,81,Positive
Water purification innovations,Google,Global,78,Positive
Microplastics found everywhere,News,Global,59,Negative
Drone technology advances,X,Global,80,Positive
Ocean acidification worsens,News,Global,60,Negative
AI chatbots revolutionize work,Google,Global,84,Positive
Renewable energy record,X,Global,82,Positive
Inflation control measures,News,Global,66,Neutral
Tourism rebounds strongly,Google,Global,73,Positive
Forest conservation efforts,News,Global,68,Positive
Autonomous vehicles rollout,X,Global,87,Positive
Economic growth accelerates,Google,Global,76,Positive
Pollution levels decline,News,Global,71,Positive
Investment in tech startups,X,Global,79,Positive
Global collaboration on climate,Google,Global,74,Positive
